50c66d3dbc666,10.0.0.236,GET,http://nas/,1355181373,
50c66d3dbddce,10.0.0.236,GET,http://nas/,1355181373,
50c670ea63130,10.0.0.236,GET,http://nas/,1355182314,
50c670ea64878,10.0.0.236,GET,http://nas/,1355182314,
50c6710e44475,10.0.0.236,GET,http://nas/,1355182350,
50c6710e45b4f,10.0.0.236,GET,http://nas/,1355182350,
50c6713b8926a,10.0.0.236,GET,http://nas/,1355182395,
50c671672f52e,10.0.0.236,GET,http://nas/,1355182439,
50c6731077fe3,10.0.0.236,GET,http://nas/,1355182864,
50c673411f814,10.0.0.236,GET,http://nas/,1355182913,
50c673953d61a,10.0.0.236,GET,http://nas/,1355182997,
50c67395dc826,10.0.0.236,GET,http://nas/img/favicon.ico,1355182997,
50c67395de1af,10.0.0.236,GET,http://nas/img/favicon.ico,1355182997,
50c673c99b751,10.0.0.236,GET,http://nas/,1355183049,
50c673ca348d6,10.0.0.236,GET,http://nas/img/favicon.ico,1355183050,
50c673ca36283,10.0.0.236,GET,http://nas/img/favicon.ico,1355183050,
50c673d0440ad,10.0.0.236,GET,http://nas/downloads,1355183056,
50c673d045b77,10.0.0.236,GET,http://nas/downloads,1355183056,
50c6747b36248,10.0.0.236,GET,http://nas/downloads,1355183227,
50c6747be193b,10.0.0.236,GET,http://nas/img/favicon.ico,1355183227,
50c6747be32af,10.0.0.236,GET,http://nas/img/favicon.ico,1355183227,
50c674db82fd3,10.0.0.236,GET,http://nas/tv-shows,1355183323,
50c674dc66d2e,10.0.0.236,GET,http://nas/img/favicon.ico,1355183324,
50c674dc686b0,10.0.0.236,GET,http://nas/img/favicon.ico,1355183324,
50c675246b54c,10.0.0.236,GET,http://nas/tv-schedule,1355183396,
50c6752506d00,10.0.0.236,GET,http://nas/img/favicon.ico,1355183397,
50c675250869f,10.0.0.236,GET,http://nas/img/favicon.ico,1355183397,
50c67563553cc,10.0.0.236,GET,http://nas/movies,1355183459,
50c6756407c84,10.0.0.236,GET,http://nas/img/favicon.ico,1355183460,
50c675640960f,10.0.0.236,GET,http://nas/img/favicon.ico,1355183460,
50c675bbc73ba,10.0.0.236,GET,http://nas/movie-schedule,1355183547,
50c675bbc8a2e,10.0.0.236,GET,http://nas/movie-schedule,1355183547,
50c675d210707,10.0.0.236,GET,http://nas/movie-schedule,1355183570,
50c675d2b7253,10.0.0.236,GET,http://nas/img/favicon.ico,1355183570,
50c675d2b8bdd,10.0.0.236,GET,http://nas/img/favicon.ico,1355183570,
50c675f26389a,10.0.0.236,GET,http://nas/movie-schedule,1355183602,
50c675f304458,10.0.0.236,GET,http://nas/img/favicon.ico,1355183603,
50c675f305ddd,10.0.0.236,GET,http://nas/img/favicon.ico,1355183603,
50c675f8ad159,10.0.0.236,GET,http://nas/search,1355183608,
50c675f952023,10.0.0.236,GET,http://nas/img/favicon.ico,1355183609,
50c675f9539b1,10.0.0.236,GET,http://nas/img/favicon.ico,1355183609,
50c6764f2ab31,10.0.0.236,GET,http://nas/downloads,1355183695,
50c6764fe01af,10.0.0.236,GET,http://nas/img/favicon.ico,1355183695,
50c6764fe1b30,10.0.0.236,GET,http://nas/img/favicon.ico,1355183695,
50c676681be41,10.0.0.236,GET,http://nas/search,1355183720,
50c67668b7890,10.0.0.236,GET,http://nas/img/favicon.ico,1355183720,
50c67668b91fb,10.0.0.236,GET,http://nas/img/favicon.ico,1355183720,
50c6766a3d439,10.0.0.236,GET,http://nas/movie-schedule,1355183722,
50c6766ad1856,10.0.0.236,GET,http://nas/img/favicon.ico,1355183722,
50c6766ad31df,10.0.0.236,GET,http://nas/img/favicon.ico,1355183722,
50c6766adbd74,10.0.0.236,GET,http://nas/movies,1355183722,
50c6766b8927c,10.0.0.236,GET,http://nas/img/favicon.ico,1355183723,
50c6766b8abf2,10.0.0.236,GET,http://nas/img/favicon.ico,1355183723,
50c680c95a882,10.0.0.236,GET,http://nas/,1355186377,
50c680ca2a8a8,10.0.0.236,GET,http://nas/img/favicon.ico,1355186378,
50c680ca2c234,10.0.0.236,GET,http://nas/img/favicon.ico,1355186378,
50c681bee0167,10.0.0.236,GET,http://nas/,1355186622,
50c681bf92471,10.0.0.236,GET,http://nas/img/favicon.ico,1355186623,
50c681bf93df7,10.0.0.236,GET,http://nas/img/favicon.ico,1355186623,
50c681c1392de,10.0.0.236,GET,http://nas/,1355186625,
50c681c1bfc9d,10.0.0.236,GET,http://nas/img/favicon.ico,1355186625,
50c681c1c160d,10.0.0.236,GET,http://nas/img/favicon.ico,1355186625,
50c681c26a616,10.0.0.236,GET,http://nas/,1355186626,
50c681c2f33b7,10.0.0.236,GET,http://nas/img/favicon.ico,1355186626,
50c681c300ae1,10.0.0.236,GET,http://nas/img/favicon.ico,1355186626,
50c681cd13197,10.0.0.236,GET,http://nas/downloads,1355186637,
50c681cd9a804,10.0.0.236,GET,http://nas/img/favicon.ico,1355186637,
50c681cd9c183,10.0.0.236,GET,http://nas/img/favicon.ico,1355186637,
50c681dd0d34a,10.0.0.236,GET,http://nas/tv-shows,1355186653,
50c681dd9a3ca,10.0.0.236,GET,http://nas/img/favicon.ico,1355186653,
50c681dd9bd4b,10.0.0.236,GET,http://nas/img/favicon.ico,1355186653,
50c681ddcbd96,10.0.0.236,GET,http://nas/tv-schedule,1355186653,
50c681de6a0e5,10.0.0.236,GET,http://nas/img/favicon.ico,1355186654,
50c681de6ba70,10.0.0.236,GET,http://nas/img/favicon.ico,1355186654,
50c681de85335,10.0.0.236,GET,http://nas/,1355186654,
50c681df0d730,10.0.0.236,GET,http://nas/img/favicon.ico,1355186655,
50c681df0f0cf,10.0.0.236,GET,http://nas/img/favicon.ico,1355186655,
50c681df6a77b,10.0.0.236,GET,http://nas/movie-schedule,1355186655,
50c681dfe6be1,10.0.0.236,GET,http://nas/img/favicon.ico,1355186655,
50c681dfe8563,10.0.0.236,GET,http://nas/img/favicon.ico,1355186655,
50c681e052b83,10.0.0.236,GET,http://nas/,1355186656,
50c681e0d2d28,10.0.0.236,GET,http://nas/img/favicon.ico,1355186656,
50c681e0d46b3,10.0.0.236,GET,http://nas/img/favicon.ico,1355186656,
50c681e204826,10.0.0.236,GET,http://nas/tv-shows,1355186658,
50c681e29db57,10.0.0.236,GET,http://nas/img/favicon.ico,1355186658,
50c681e29f4ef,10.0.0.236,GET,http://nas/img/favicon.ico,1355186658,
50c681e2ab375,10.0.0.236,GET,http://nas/movies,1355186658,
50c681e340244,10.0.0.236,GET,http://nas/movie-schedule,1355186659,
50c681e34964d,10.0.0.236,GET,http://nas/img/favicon.ico,1355186659,
50c681e34afd0,10.0.0.236,GET,http://nas/img/favicon.ico,1355186659,
50c681e3bd0a0,10.0.0.236,GET,http://nas/img/favicon.ico,1355186659,
50c681e3bea6d,10.0.0.236,GET,http://nas/img/favicon.ico,1355186659,
50c681e4206a1,10.0.0.236,GET,http://nas/search,1355186660,
50c681e4a2547,10.0.0.236,GET,http://nas/img/favicon.ico,1355186660,
50c681e4a3ec6,10.0.0.236,GET,http://nas/img/favicon.ico,1355186660,
50c681e50d148,10.0.0.236,GET,http://nas/,1355186661,
50c681e581918,10.0.0.236,GET,http://nas/img/favicon.ico,1355186661,
50c681e5832aa,10.0.0.236,GET,http://nas/img/favicon.ico,1355186661,
50c692fe5b155,10.0.0.236,GET,http://nas/downloads,1355191038,
50c692feea2f3,10.0.0.236,GET,http://nas/tv-shows,1355191038,
50c692ff1f8f8,10.0.0.236,GET,http://nas/img/favicon.ico,1355191039,
50c692ff212fe,10.0.0.236,GET,http://nas/img/favicon.ico,1355191039,
50c692ff68004,10.0.0.236,GET,http://nas/tv-shows,1355191039,
50c692ffa8fd9,10.0.0.236,GET,http://nas/img/favicon.ico,1355191039,
50c692ffaa95f,10.0.0.236,GET,http://nas/img/favicon.ico,1355191039,
50c692ffe5338,10.0.0.236,GET,http://nas/movies,1355191039,
50c6930010d5c,10.0.0.236,GET,http://nas/img/favicon.ico,1355191040,
50c69300126d0,10.0.0.236,GET,http://nas/img/favicon.ico,1355191040,
50c69300736e8,10.0.0.236,GET,http://nas/img/favicon.ico,1355191040,
50c693007504c,10.0.0.236,GET,http://nas/img/favicon.ico,1355191040,
50c69300df6cb,10.0.0.236,GET,http://nas/movies,1355191040,
50c6930166e9c,10.0.0.236,GET,http://nas/img/favicon.ico,1355191041,
50c693016881f,10.0.0.236,GET,http://nas/img/favicon.ico,1355191041,
50c69301a0a48,10.0.0.236,GET,http://nas/movie-schedule,1355191041,
50c6930240f19,10.0.0.236,GET,http://nas/img/favicon.ico,1355191042,
50c69302428bf,10.0.0.236,GET,http://nas/img/favicon.ico,1355191042,
50c6930252fbf,10.0.0.236,GET,http://nas/search,1355191042,
50c69302cc90c,10.0.0.236,GET,http://nas/img/favicon.ico,1355191042,
50c69302ce2df,10.0.0.236,GET,http://nas/img/favicon.ico,1355191042,
50c693034c606,10.0.0.236,GET,http://nas/,1355191043,
50c69303c7adb,10.0.0.236,GET,http://nas/img/favicon.ico,1355191043,
50c69303c9475,10.0.0.236,GET,http://nas/img/favicon.ico,1355191043,
50c81c51e102b,10.0.0.236,GET,http://nas/,1355291729,
50c81c52bec4c,10.0.0.236,GET,http://nas/img/favicon.ico,1355291730,
50c81c52c0823,10.0.0.236,GET,http://nas/img/favicon.ico,1355291730,
50c81c54814a1,10.0.0.236,GET,http://nas/downloads,1355291732,
50c81c55250bf,10.0.0.236,GET,http://nas/img/favicon.ico,1355291733,
50c81c552c94f,10.0.0.236,GET,http://nas/img/favicon.ico,1355291733,
50c81c5fb9bbc,10.0.0.236,GET,http://nas/downloads,1355291743,
50c81c60537fa,10.0.0.236,GET,http://nas/img/favicon.ico,1355291744,
50c81c60551f2,10.0.0.236,GET,http://nas/img/favicon.ico,1355291744,
50c81c60b3fb9,10.0.0.236,GET,http://nas/downloads,1355291744,
50c81c614d5d2,10.0.0.236,GET,http://nas/img/favicon.ico,1355291745,
50c81c614efee,10.0.0.236,GET,http://nas/img/favicon.ico,1355291745,
50c81c618a755,10.0.0.236,GET,http://nas/downloads,1355291745,
50c81c622040f,10.0.0.236,GET,http://nas/img/favicon.ico,1355291746,
50c81c6221f3c,10.0.0.236,GET,http://nas/img/favicon.ico,1355291746,
50c81c6280e13,10.0.0.236,GET,http://nas/,1355291746,
50c81c630dfc1,10.0.0.236,GET,http://nas/img/favicon.ico,1355291747,
50c81c630f9c1,10.0.0.236,GET,http://nas/img/favicon.ico,1355291747,
50c81c63e3e94,10.0.0.236,GET,http://nas/downloads,1355291747,
50c81c64790d8,10.0.0.236,GET,http://nas/img/favicon.ico,1355291748,
50c81c647aaf7,10.0.0.236,GET,http://nas/img/favicon.ico,1355291748,
50c81c64c9d28,10.0.0.236,GET,http://nas/tv-shows,1355291748,
50c81c6577c29,10.0.0.236,GET,http://nas/img/favicon.ico,1355291749,
50c81c657961f,10.0.0.236,GET,http://nas/img/favicon.ico,1355291749,
50c81c68e6dd3,10.0.0.236,GET,http://nas/,1355291752,
50c81c6977fd0,10.0.0.236,GET,http://nas/img/favicon.ico,1355291753,
50c81c6979bbc,10.0.0.236,GET,http://nas/img/favicon.ico,1355291753,
50c81cc25ea69,10.0.0.236,GET,http://nas/,1355291842,
50c81cc3b7691,10.0.0.236,GET,http://nas/img/favicon.ico,1355291843,
50c81cc3b9404,10.0.0.236,GET,http://nas/img/favicon.ico,1355291843,
50c81cc51674e,10.0.0.236,GET,http://nas/,1355291845,
50c81cc5a9a0b,10.0.0.236,GET,http://nas/img/favicon.ico,1355291845,
50c81cc5ab7ce,10.0.0.236,GET,http://nas/img/favicon.ico,1355291845,
50c81cc611309,10.0.0.236,GET,http://nas/,1355291846,
50c81cc6a5b52,10.0.0.236,GET,http://nas/img/favicon.ico,1355291846,
50c81cc6a7983,10.0.0.236,GET,http://nas/img/favicon.ico,1355291846,
50c81cc6ad313,10.0.0.236,GET,http://nas/,1355291846,
50c81cc749069,10.0.0.236,GET,http://nas/img/favicon.ico,1355291847,
50c81cc74969e,10.0.0.236,GET,http://nas/,1355291847,
50c81cc74ac97,10.0.0.236,GET,http://nas/img/favicon.ico,1355291847,
50c81cc7cfc24,10.0.0.236,GET,http://nas/img/favicon.ico,1355291847,
50c81cc7d1a7d,10.0.0.236,GET,http://nas/img/favicon.ico,1355291847,
50c81cc7d584e,10.0.0.236,GET,http://nas/,1355291847,
50c81cc868a11,10.0.0.236,GET,http://nas/,1355291848,
50c81cc86cb47,10.0.0.236,GET,http://nas/img/favicon.ico,1355291848,
50c81cc86ea6d,10.0.0.236,GET,http://nas/img/favicon.ico,1355291848,
50c81cc8eacb9,10.0.0.236,GET,http://nas/img/favicon.ico,1355291848,
50c81cc8ecb98,10.0.0.236,GET,http://nas/img/favicon.ico,1355291848,
50c81cc9023b6,10.0.0.236,GET,http://nas/,1355291849,
50c81cc983829,10.0.0.236,GET,http://nas/,1355291849,
50c81cc98bbb9,10.0.0.236,GET,http://nas/img/favicon.ico,1355291849,
50c81cc98d875,10.0.0.236,GET,http://nas/img/favicon.ico,1355291849,
50c81cca1fa77,10.0.0.236,GET,http://nas/img/favicon.ico,1355291850,
50c81cca21a9d,10.0.0.236,GET,http://nas/img/favicon.ico,1355291850,
50c81cd961e69,10.0.0.236,GET,http://nas/downloads,1355291865,
50c81cda0c542,10.0.0.236,GET,http://nas/img/favicon.ico,1355291866,
50c81cda0df35,10.0.0.236,GET,http://nas/img/favicon.ico,1355291866,
50c81cda436f5,10.0.0.236,GET,http://nas/tv-shows,1355291866,
50c81cdadd6c5,10.0.0.236,GET,http://nas/img/favicon.ico,1355291866,
50c81cdadf09f,10.0.0.236,GET,http://nas/img/favicon.ico,1355291866,
50c81cdb07a81,10.0.0.236,GET,http://nas/tv-shows,1355291867,
50c81cdb967b9,10.0.0.236,GET,http://nas/img/favicon.ico,1355291867,
50c81cdb981b1,10.0.0.236,GET,http://nas/img/favicon.ico,1355291867,
50c81cdba8c4f,10.0.0.236,GET,http://nas/tv-schedule,1355291867,
50c81cdc3720c,10.0.0.236,GET,http://nas/img/favicon.ico,1355291868,
50c81cdc3c9c0,10.0.0.236,GET,http://nas/img/favicon.ico,1355291868,
50c81cdc6b7aa,10.0.0.236,GET,http://nas/movies,1355291868,
50c81cdcf282e,10.0.0.236,GET,http://nas/img/favicon.ico,1355291868,
50c81cdd0080a,10.0.0.236,GET,http://nas/img/favicon.ico,1355291868,
50c81cdd1f65b,10.0.0.236,GET,http://nas/movie-schedule,1355291869,
50c81cdda3f52,10.0.0.236,GET,http://nas/img/favicon.ico,1355291869,
50c81cdda5935,10.0.0.236,GET,http://nas/img/favicon.ico,1355291869,
50c81cddc8e6e,10.0.0.236,GET,http://nas/search,1355291869,
50c81cde5187e,10.0.0.236,GET,http://nas/img/favicon.ico,1355291870,
50c81cde5327e,10.0.0.236,GET,http://nas/img/favicon.ico,1355291870,
50c81cdf62c07,10.0.0.236,GET,http://nas/,1355291871,
50c81cdfe33a0,10.0.0.236,GET,http://nas/img/favicon.ico,1355291871,
50c81cdfe4dab,10.0.0.236,GET,http://nas/img/favicon.ico,1355291871,
50c81da200332,10.0.0.236,GET,http://nas/,1355292065,
50c81da29884d,10.0.0.236,GET,http://nas/img/favicon.ico,1355292066,
50c81da29a259,10.0.0.236,GET,http://nas/img/favicon.ico,1355292066,
50c81da3472c6,10.0.0.236,GET,http://nas/downloads,1355292067,
50c81da3deecb,10.0.0.236,GET,http://nas/img/favicon.ico,1355292067,
50c81da3e3559,10.0.0.236,GET,http://nas/img/favicon.ico,1355292067,
50c81daab7068,10.0.0.236,GET,http://nas/downloads,1355292074,
50c81dacc7b02,10.0.0.236,GET,http://nas/img/favicon.ico,1355292076,
50c81dacc9505,10.0.0.236,GET,http://nas/img/favicon.ico,1355292076,
50c81dad9f1b3,10.0.0.236,GET,http://nas/downloads,1355292077,
50c81dae3da7d,10.0.0.236,GET,http://nas/img/favicon.ico,1355292078,
50c81dae3f47d,10.0.0.236,GET,http://nas/img/favicon.ico,1355292078,
50c81dae92ae5,10.0.0.236,GET,http://nas/downloads,1355292078,
50c81daf33ec2,10.0.0.236,GET,http://nas/img/favicon.ico,1355292079,
50c81daf358d3,10.0.0.236,GET,http://nas/img/favicon.ico,1355292079,
50c81daf5af29,10.0.0.236,GET,http://nas/downloads,1355292079,
50c81daff380d,10.0.0.236,GET,http://nas/img/favicon.ico,1355292079,
50c81db000fbd,10.0.0.236,GET,http://nas/img/favicon.ico,1355292079,
50c81db035241,10.0.0.236,GET,http://nas/downloads,1355292080,
50c81db0cc70a,10.0.0.236,GET,http://nas/img/favicon.ico,1355292080,
50c81db0ce138,10.0.0.236,GET,http://nas/img/favicon.ico,1355292080,
50c81db2e649e,10.0.0.236,GET,http://nas/downloads,1355292082,
50c81db387117,10.0.0.236,GET,http://nas/img/favicon.ico,1355292083,
50c81db388b06,10.0.0.236,GET,http://nas/img/favicon.ico,1355292083,
50c81e286ec81,10.0.0.236,GET,http://nas/downloads,1355292200,
50c81e293f749,10.0.0.236,GET,http://nas/img/favicon.ico,1355292201,
50c81e2941691,10.0.0.236,GET,http://nas/img/favicon.ico,1355292201,
50c81e2a16558,10.0.0.236,GET,http://nas/tv-shows,1355292202,
50c81e2a182c4,10.0.0.236,GET,http://nas/tv-shows,1355292202,
50c81e7fcff71,10.0.0.236,GET,http://nas/tv-shows,1355292287,
50c81e809aa84,10.0.0.236,GET,http://nas/img/favicon.ico,1355292288,
50c81e809c4cc,10.0.0.236,GET,http://nas/img/favicon.ico,1355292288,
50c81eaff3f75,10.0.0.236,GET,http://nas/tv-schedule,1355292335,
50c81eb09159f,10.0.0.236,GET,http://nas/img/favicon.ico,1355292336,
50c81eb092f93,10.0.0.236,GET,http://nas/img/favicon.ico,1355292336,
50c81eb279a09,10.0.0.236,GET,http://nas/movies,1355292338,
50c81eb30eb18,10.0.0.236,GET,http://nas/img/favicon.ico,1355292339,
50c81eb311ca7,10.0.0.236,GET,http://nas/img/favicon.ico,1355292339,
50c81edf5e065,10.0.0.236,GET,http://nas/movies,1355292383,
50c81ee006ea7,10.0.0.236,GET,http://nas/img/favicon.ico,1355292384,
50c81ee008882,10.0.0.236,GET,http://nas/img/favicon.ico,1355292384,
50c81f43b2986,10.0.0.236,GET,http://nas/movies,1355292483,
50c81f445e44c,10.0.0.236,GET,http://nas/img/favicon.ico,1355292484,
50c81f445fe76,10.0.0.236,GET,http://nas/img/favicon.ico,1355292484,
50c81f45a357c,10.0.0.236,GET,http://nas/movie-schedule,1355292485,
50c81f46365f7,10.0.0.236,GET,http://nas/img/favicon.ico,1355292486,
50c81f4637fec,10.0.0.236,GET,http://nas/img/favicon.ico,1355292486,
50c81f4947b1c,10.0.0.236,GET,http://nas/movies,1355292489,
50c81f49d0800,10.0.0.236,GET,http://nas/img/favicon.ico,1355292489,
50c81f49d21e9,10.0.0.236,GET,http://nas/img/favicon.ico,1355292489,
50c81ff79746f,10.0.0.236,GET,http://nas/movies,1355292663,
50c81ff846177,10.0.0.236,GET,http://nas/img/favicon.ico,1355292664,
50c81ff847ba5,10.0.0.236,GET,http://nas/img/favicon.ico,1355292664,
50c81ff9281fb,10.0.0.236,GET,http://nas/search,1355292665,
50c81ff9c138b,10.0.0.236,GET,http://nas/img/favicon.ico,1355292665,
50c81ff9c2da3,10.0.0.236,GET,http://nas/img/favicon.ico,1355292665,
50c81ffa520d7,10.0.0.236,GET,http://nas/movie-schedule,1355292666,
50c81ffad23ab,10.0.0.236,GET,http://nas/img/favicon.ico,1355292666,
50c81ffad3dbf,10.0.0.236,GET,http://nas/img/favicon.ico,1355292666,
50c81ffaf1b63,10.0.0.236,GET,http://nas/movies,1355292666,
50c81ffb86dd7,10.0.0.236,GET,http://nas/tv-schedule,1355292667,
50c81ffb9a0d5,10.0.0.236,GET,http://nas/img/favicon.ico,1355292667,
50c81ffb9bad2,10.0.0.236,GET,http://nas/img/favicon.ico,1355292667,
50c81ffc11771,10.0.0.236,GET,http://nas/tv-shows,1355292668,
50c81ffc1c9e2,10.0.0.236,GET,http://nas/img/favicon.ico,1355292668,
50c81ffc1e3fa,10.0.0.236,GET,http://nas/img/favicon.ico,1355292668,
50c81ffcc9245,10.0.0.236,GET,http://nas/img/favicon.ico,1355292668,
50c81ffccac46,10.0.0.236,GET,http://nas/img/favicon.ico,1355292668,
50c81ffcd39ad,10.0.0.236,GET,http://nas/downloads,1355292668,
50c81ffd6f8dd,10.0.0.236,GET,http://nas/img/favicon.ico,1355292669,
50c81ffd712f5,10.0.0.236,GET,http://nas/img/favicon.ico,1355292669,
50c81ffd92980,10.0.0.236,GET,http://nas/,1355292669,
50c81ffe2e70e,10.0.0.236,GET,http://nas/img/favicon.ico,1355292670,
50c81ffe300f7,10.0.0.236,GET,http://nas/img/favicon.ico,1355292670,
50c8225e772cd,10.0.0.236,GET,http://nas/,1355293278,
50c8225f2d147,10.0.0.236,GET,http://nas/img/favicon.ico,1355293279,
50c8225f2eb6e,10.0.0.236,GET,http://nas/img/favicon.ico,1355293279,
50c8225f6eaa9,10.0.0.236,GET,http://nas/downloads,1355293279,
50c8226000328,10.0.0.236,GET,http://nas/img/favicon.ico,1355293279,
50c8226001d31,10.0.0.236,GET,http://nas/img/favicon.ico,1355293280,
50c82260174a4,10.0.0.236,GET,http://nas/tv-shows,1355293280,
50c82260abd6a,10.0.0.236,GET,http://nas/img/favicon.ico,1355293280,
50c82260ad80e,10.0.0.236,GET,http://nas/img/favicon.ico,1355293280,
50c82260b2b4d,10.0.0.236,GET,http://nas/tv-schedule,1355293280,
50c822614519a,10.0.0.236,GET,http://nas/img/favicon.ico,1355293281,
50c8226146ba7,10.0.0.236,GET,http://nas/img/favicon.ico,1355293281,
50c82261e5517,10.0.0.236,GET,http://nas/tv-shows,1355293281,
50c822628cd74,10.0.0.236,GET,http://nas/img/favicon.ico,1355293282,
50c822628e776,10.0.0.236,GET,http://nas/img/favicon.ico,1355293282,
50c8242dbdab4,10.0.0.236,GET,http://nas/tv-shows,1355293741,
50c8242dbfbb7,10.0.0.236,GET,http://nas/tv-shows,1355293741,
50c824bf6c748,10.0.0.236,GET,http://nas/tv-shows,1355293887,
50c824bf6ec2c,10.0.0.236,GET,http://nas/tv-shows,1355293887,
50c824e7b36c1,10.0.0.236,GET,http://nas/tv-shows,1355293927,
50c824e7b5afc,10.0.0.236,GET,http://nas/tv-shows,1355293927,
50c82503cc670,10.0.0.236,GET,http://nas/tv-shows,1355293955,
50c82503ceac7,10.0.0.236,GET,http://nas/tv-shows,1355293955,
50c825677028e,10.0.0.236,GET,http://nas/tv-shows,1355294055,
50c825677232a,10.0.0.236,GET,http://nas/tv-shows,1355294055,
50c8257baabb7,10.0.0.236,GET,http://nas/tv-shows,1355294075,
50c8257bacfbf,10.0.0.236,GET,http://nas/tv-shows,1355294075,
50c8267ee6b61,10.0.0.236,GET,http://nas/tv-shows,1355294334,
50c8267ee8893,10.0.0.236,GET,http://nas/tv-shows,1355294334,
50c8268f11612,10.0.0.236,GET,http://nas/tv-shows,1355294351,
50c826ba7d058,10.0.0.236,GET,http://nas/tv-shows,1355294394,
50c8270c6575e,10.0.0.236,GET,http://nas/tv-shows,1355294476,
50c8270d17517,10.0.0.236,GET,http://nas/img/favicon.ico,1355294477,
50c8270d18f27,10.0.0.236,GET,http://nas/img/favicon.ico,1355294477,
50c8272e93f3f,10.0.0.236,GET,http://nas/tv-shows,1355294510,
50c8272f4429e,10.0.0.236,GET,http://nas/img/favicon.ico,1355294511,
50c8272f45c87,10.0.0.236,GET,http://nas/img/favicon.ico,1355294511,
50c8277c934c4,10.0.0.236,GET,http://nas/tv-shows,1355294588,
50c8277d385ac,10.0.0.236,GET,http://nas/img/favicon.ico,1355294589,
50c8277d39fb4,10.0.0.236,GET,http://nas/img/favicon.ico,1355294589,
50c8278c82217,10.0.0.236,GET,http://nas/tv-shows,1355294604,
50c8278d270db,10.0.0.236,GET,http://nas/img/favicon.ico,1355294605,
50c8278d28aec,10.0.0.236,GET,http://nas/img/favicon.ico,1355294605,
50c827b93a09a,10.0.0.236,GET,http://nas/tv-shows,1355294649,
50c827ba0cb92,10.0.0.236,GET,http://nas/img/favicon.ico,1355294650,
50c827ba0e5a9,10.0.0.236,GET,http://nas/img/favicon.ico,1355294650,
50c827eddd775,10.0.0.236,GET,http://nas/tv-show/?showid=83123,1355294701,
50c827eddf18a,10.0.0.236,GET,http://nas/tv-show/?showid=83123,1355294701,
50c827f4d16f1,10.0.0.236,GET,http://nas/tv-show?showid=83123,1355294708,
50c827f4d3105,10.0.0.236,GET,http://nas/tv-show?showid=83123,1355294708,
50c8280193503,10.0.0.236,GET,http://nas/tv-shows/?showid=83123,1355294721,
50c8280194f5d,10.0.0.236,GET,http://nas/tv-shows/?showid=83123,1355294721,
50c82806239fc,10.0.0.236,GET,http://nas/tv-shows?showid=83123,1355294726,
50c82806c8d84,10.0.0.236,GET,http://nas/img/favicon.ico,1355294726,
50c82806ca76c,10.0.0.236,GET,http://nas/img/favicon.ico,1355294726,
50c8280e6035b,10.0.0.20,GET,http://nas/tv-shows,1355294734,
50c8280f15beb,10.0.0.20,GET,http://nas/img/favicon.ico,1355294735,
50c8280f176b1,10.0.0.20,GET,http://nas/img/favicon.ico,1355294735,
50c8282482fbf,10.0.0.20,GET,http://nas/tv-schedule,1355294756,
50c82824ed4dd,10.0.0.20,GET,http://nas/img/favicon.ico,1355294756,
50c82824eef01,10.0.0.20,GET,http://nas/img/favicon.ico,1355294756,
50c82825ef4a3,10.0.0.20,GET,http://nas/movies,1355294757,
50c828266835f,10.0.0.20,GET,http://nas/img/favicon.ico,1355294758,
50c8282669d79,10.0.0.20,GET,http://nas/img/favicon.ico,1355294758,
50c82826ccc0f,10.0.0.20,GET,http://nas/movie-schedule,1355294758,
50c828273de58,10.0.0.20,GET,http://nas/img/favicon.ico,1355294759,
50c828273f873,10.0.0.20,GET,http://nas/img/favicon.ico,1355294759,
50c8285101eba,10.0.0.236,GET,http://nas/,1355294801,
50c82851ab02c,10.0.0.236,GET,http://nas/img/favicon.ico,1355294801,
50c82851aca60,10.0.0.236,GET,http://nas/img/favicon.ico,1355294801,
50c8285267ec9,10.0.0.236,GET,http://nas/downloads,1355294802,
50c82852e85c8,10.0.0.236,GET,http://nas/img/favicon.ico,1355294802,
50c82852e9fe8,10.0.0.236,GET,http://nas/img/favicon.ico,1355294802,
50c82853ef4a2,10.0.0.236,GET,http://nas/tv-shows,1355294803,
50c828549f9e7,10.0.0.236,GET,http://nas/img/favicon.ico,1355294804,
50c82854a1427,10.0.0.236,GET,http://nas/img/favicon.ico,1355294804,
50c914b260906,10.0.0.236,GET,http://nas/,1355355314,
50c914b26b877,10.0.0.236,GET,http://nas/,1355355314,
50c914e3ce327,10.0.0.236,GET,http://nas/,1355355363,
50c914e3d2c36,10.0.0.236,GET,http://nas/,1355355363,
50c9158e88d79,10.0.0.236,GET,http://nas/,1355355534,
50c9158e8d53f,10.0.0.236,GET,http://nas/,1355355534,
50c9168fafbcb,10.0.0.236,GET,http://nas/,1355355791,
50c916907859c,10.0.0.236,GET,http://nas/img/favicon.ico,1355355792,
50c916907feb2,10.0.0.236,GET,http://nas/img/favicon.ico,1355355792,
50c91691a9640,10.0.0.236,GET,http://nas/downloads,1355355793,
50c916923d639,10.0.0.236,GET,http://nas/img/favicon.ico,1355355794,
50c91692537f6,10.0.0.236,GET,http://nas/tv-shows,1355355794,
50c91692493c4,10.0.0.236,GET,http://nas/img/favicon.ico,1355355794,
50c9169310f26,10.0.0.236,GET,http://nas/img/favicon.ico,1355355795,
50c91693128dd,10.0.0.236,GET,http://nas/img/favicon.ico,1355355795,
50c916938aa57,10.0.0.236,GET,http://nas/,1355355795,
50c916941c3e4,10.0.0.236,GET,http://nas/img/favicon.ico,1355355796,
50c916941ddb9,10.0.0.236,GET,http://nas/img/favicon.ico,1355355796,
50c9169669d7c,10.0.0.236,GET,http://nas/tv-shows,1355355798,
50c916970fe94,10.0.0.236,GET,http://nas/img/favicon.ico,1355355799,
50c9169716c6c,10.0.0.236,GET,http://nas/img/favicon.ico,1355355799,
50c916e2adf43,10.0.0.236,GET,http://nas/,1355355874,
50c916e355d74,10.0.0.236,GET,http://nas/img/favicon.ico,1355355875,
50c916e357778,10.0.0.236,GET,http://nas/img/favicon.ico,1355355875,
50c916e5db016,10.0.0.236,GET,http://nas/downloads,1355355877,
50c916e68409f,10.0.0.236,GET,http://nas/img/favicon.ico,1355355878,
50c916e688d30,10.0.0.236,GET,http://nas/img/favicon.ico,1355355878,
50c917b040752,10.0.0.236,GET,http://nas/tv-shows,1355356080,
50c917b10fd48,10.0.0.236,GET,http://nas/img/favicon.ico,1355356081,
50c917b111a87,10.0.0.236,GET,http://nas/img/favicon.ico,1355356081,
50c91fd994dae,10.0.0.236,GET,http://nas/tv-schedule,1355358169,
50c91fda50584,10.0.0.236,GET,http://nas/img/favicon.ico,1355358170,
50c91fda556d4,10.0.0.236,GET,http://nas/img/favicon.ico,1355358170,
50c91fde1d00f,10.0.0.236,GET,http://nas/movies,1355358174,
50c91fdeaf94f,10.0.0.236,GET,http://nas/img/favicon.ico,1355358174,
50c91fdeb1485,10.0.0.236,GET,http://nas/img/favicon.ico,1355358174,
50c91fdedab70,10.0.0.236,GET,http://nas/movie-schedule,1355358174,
50c91fdf65f35,10.0.0.236,GET,http://nas/img/favicon.ico,1355358175,
50c91fdf678cc,10.0.0.236,GET,http://nas/img/favicon.ico,1355358175,
50c91fe019fd2,10.0.0.236,GET,http://nas/movies,1355358176,
50c91fe0ac4b9,10.0.0.236,GET,http://nas/img/favicon.ico,1355358176,
50c91fe0ae453,10.0.0.236,GET,http://nas/img/favicon.ico,1355358176,
50c9225976743,10.0.0.236,GET,http://nas/search,1355358809,
50c9225a232d0,10.0.0.236,GET,http://nas/img/favicon.ico,1355358810,
50c9225a2df0f,10.0.0.236,GET,http://nas/img/favicon.ico,1355358810,
50c9225a84819,10.0.0.236,GET,http://nas/movie-schedule,1355358810,
50c9225b0e993,10.0.0.236,GET,http://nas/img/favicon.ico,1355358811,
50c9225b14c71,10.0.0.236,GET,http://nas/img/favicon.ico,1355358811,
50c9225b394a1,10.0.0.236,GET,http://nas/movies,1355358811,
50c9225bce815,10.0.0.236,GET,http://nas/img/favicon.ico,1355358811,
50c9225bd0251,10.0.0.236,GET,http://nas/img/favicon.ico,1355358811,
50c9225be095d,10.0.0.236,GET,http://nas/tv-schedule,1355358811,
50c9225c79244,10.0.0.236,GET,http://nas/img/favicon.ico,1355358812,
50c9225c7cc3d,10.0.0.236,GET,http://nas/img/favicon.ico,1355358812,
50c9225c81db4,10.0.0.236,GET,http://nas/tv-shows,1355358812,
50c9225d4a70b,10.0.0.236,GET,http://nas/img/favicon.ico,1355358813,
50c9225d4ef79,10.0.0.236,GET,http://nas/img/favicon.ico,1355358813,
50c9225e561d8,10.0.0.236,GET,http://nas/,1355358814,
50c9225ee8fdc,10.0.0.236,GET,http://nas/img/favicon.ico,1355358814,
50c9225eea9ee,10.0.0.236,GET,http://nas/img/favicon.ico,1355358814,
50c93be3e9a41,10.0.0.236,GET,http://nas/,1355365347,
50c93be4b7a38,10.0.0.236,GET,http://nas/img/favicon.ico,1355365348,
50c93be4b9701,10.0.0.236,GET,http://nas/img/favicon.ico,1355365348,
50c93be6942ab,10.0.0.236,GET,http://nas/,1355365350,
50c93be761d95,10.0.0.236,GET,http://nas/img/favicon.ico,1355365351,
50c93be76fbbb,10.0.0.236,GET,http://nas/img/favicon.ico,1355365351,
50c93be774f78,10.0.0.236,GET,http://nas/,1355365351,
50c93be8168a0,10.0.0.236,GET,http://nas/img/favicon.ico,1355365352,
50c93be81a710,10.0.0.236,GET,http://nas/img/favicon.ico,1355365352,
50c93be8b3e26,10.0.0.236,GET,http://nas/,1355365352,
50c93be943d98,10.0.0.236,GET,http://nas/img/favicon.ico,1355365353,
50c93be952295,10.0.0.236,GET,http://nas/img/favicon.ico,1355365353,
50c93be997058,10.0.0.236,GET,http://nas/,1355365353,
50c93bea2ffab,10.0.0.236,GET,http://nas/img/favicon.ico,1355365354,
50c93bea319b0,10.0.0.236,GET,http://nas/img/favicon.ico,1355365354,
50c93bea5a7fa,10.0.0.236,GET,http://nas/,1355365354,
50c93beae5c2a,10.0.0.236,GET,http://nas/img/favicon.ico,1355365354,
50c93beaecdf1,10.0.0.236,GET,http://nas/img/favicon.ico,1355365354,
50c93beb67c92,10.0.0.236,GET,http://nas/,1355365355,
50c93bebea4ca,10.0.0.236,GET,http://nas/img/favicon.ico,1355365355,
50c93bebf093b,10.0.0.236,GET,http://nas/img/favicon.ico,1355365355,
50c93bec2260a,10.0.0.236,GET,http://nas/,1355365356,
50c93becc18df,10.0.0.236,GET,http://nas/,1355365356,
50c93becb8304,10.0.0.236,GET,http://nas/img/favicon.ico,1355365356,
50c93beccd44b,10.0.0.236,GET,http://nas/img/favicon.ico,1355365356,
50c93bed57a6a,10.0.0.236,GET,http://nas/img/favicon.ico,1355365357,
50c93bed5e982,10.0.0.236,GET,http://nas/img/favicon.ico,1355365357,
50c93bef61568,10.0.0.236,GET,http://nas/downloads,1355365359,
50c93befec1a5,10.0.0.236,GET,http://nas/img/favicon.ico,1355365359,
50c93beff2d4a,10.0.0.236,GET,http://nas/img/favicon.ico,1355365359,
50c93bf0f20a7,10.0.0.236,GET,http://nas/tv-shows,1355365360,
50c93bf196ceb,10.0.0.236,GET,http://nas/img/favicon.ico,1355365361,
50c93bf1988d4,10.0.0.236,GET,http://nas/img/favicon.ico,1355365361,
50cbebfc0ac35,10.0.0.15,GET,http://nas/,1355541500,
50cbebfc101ce,10.0.0.15,OPTIONS,http://nas/,1355541500,
50d23162ebb48,10.0.0.1,GET,http://10.0.0.199/,1355952482,
50d361a28c6ee,10.0.0.15,GET,http://nas/,1356030370,
50d361a3e25ab,10.0.0.15,GET,http://nas/img/favicon.ico,1356030371,
50d361a3e4177,10.0.0.15,GET,http://nas/img/favicon.ico,1356030371,
50d361bd08be7,10.0.0.15,GET,http://nas/,1356030397,
50d361be7979a,10.0.0.15,GET,http://nas/img/favicon.ico,1356030398,
50d361beba6d8,10.0.0.15,GET,http://nas/img/favicon.ico,1356030398,
50d55058891a3,10.0.0.1,GET,http://10.0.0.199/,1356157016,
50d8a8ad11838,10.0.0.236,GET,http://nas/,1356376237,
50d8a8aded314,10.0.0.236,GET,http://nas/img/favicon.ico,1356376237,
50d8a8ae03e5e,10.0.0.236,GET,http://nas/img/favicon.ico,1356376238,
50d8a8af36a9d,10.0.0.236,GET,http://nas/downloads,1356376239,
50d8a8afc8f42,10.0.0.236,GET,http://nas/img/favicon.ico,1356376239,
50d8a8b01160d,10.0.0.236,GET,http://nas/img/favicon.ico,1356376240,
50d8a8b0718b1,10.0.0.236,GET,http://nas/tv-shows,1356376240,
50d8a8b126062,10.0.0.236,GET,http://nas/img/favicon.ico,1356376241,
50d8a8b134371,10.0.0.236,GET,http://nas/tv-schedule,1356376241,
50d8a8b36791a,10.0.0.236,GET,http://nas/tv-schedule,1356376243,
50d8a8c31f3ca,10.0.0.236,GET,http://nas/img/favicon.ico,1356376259,
50d8a8c3a4a74,10.0.0.236,GET,http://nas/img/favicon.ico,1356376259,
50d8a8c3cafab,10.0.0.236,GET,http://nas/img/favicon.ico,1356376259,
50d8a8c5d1740,10.0.0.236,GET,http://nas/movies,1356376261,
50d8a8c655e7b,10.0.0.236,GET,http://nas/img/favicon.ico,1356376262,
50d8a8c657933,10.0.0.236,GET,http://nas/img/favicon.ico,1356376262,
50d8a8c6975ec,10.0.0.236,GET,http://nas/movie-schedule,1356376262,
50d8a8c72bda9,10.0.0.236,GET,http://nas/img/favicon.ico,1356376263,
50d8a8c73101f,10.0.0.236,GET,http://nas/img/favicon.ico,1356376263,
50d8a8c771de7,10.0.0.236,GET,http://nas/movies,1356376263,
50d8a8c802c37,10.0.0.236,GET,http://nas/img/favicon.ico,1356376264,
50d8a8c804651,10.0.0.236,GET,http://nas/img/favicon.ico,1356376264,
50d8a8c8339ce,10.0.0.236,GET,http://nas/tv-schedule,1356376264,
50d8a8c8ae589,10.0.0.236,GET,http://nas/img/favicon.ico,1356376264,
50d8a8c8afed9,10.0.0.236,GET,http://nas/img/favicon.ico,1356376264,
50d8b326c7823,10.0.0.20,GET,http://nas/,1356378918,
50d8b327b44ac,10.0.0.20,GET,http://nas/img/favicon.ico,1356378919,
50d8b327b9516,10.0.0.20,GET,http://nas/img/favicon.ico,1356378919,
50d8b328dfcc4,10.0.0.20,GET,http://nas/downloads,1356378920,
50d8b3297c680,10.0.0.20,GET,http://nas/img/favicon.ico,1356378921,
50d8b3297f59f,10.0.0.20,GET,http://nas/img/favicon.ico,1356378921,
50d8bbdf4575a,10.0.0.20,GET,http://nas/img/favicon.ico,1356381151,
50d8bbdfae9b6,10.0.0.20,GET,http://nas/img/favicon.ico,1356381151,
50d8fdc13b8d1,10.0.0.236,GET,http://nas/tv-schedule,1356398017,
50d8fdc205824,10.0.0.236,GET,http://nas/img/favicon.ico,1356398018,
50d8fdc208f68,10.0.0.236,GET,http://nas/img/favicon.ico,1356398018,
50db27675312c,10.0.0.20,GET,http://nas/,1356539751,
50db276842044,10.0.0.20,GET,http://nas/img/favicon.ico,1356539752,
50db276857556,10.0.0.20,GET,http://nas/img/favicon.ico,1356539752,
50db27781074e,10.0.0.20,GET,http://nas/system,1356539768,
50db277818620,10.0.0.20,GET,http://nas/system,1356539768,
50e0b2aaab48d,10.0.0.1,GET,http://10.0.0.199/,1356903082,
50e3836fcc888,10.0.0.236,GET,http://gallery/index.php/,1357087599,
50e383813909a,10.0.0.236,GET,http://nas/,1357087617,
50e38382178c0,10.0.0.236,GET,http://nas/img/favicon.ico,1357087618,
50e383821c294,10.0.0.236,GET,http://nas/img/favicon.ico,1357087618,
50e3868919b06,10.0.0.236,GET,http://nas/pma,1357088393,
50e386891f636,10.0.0.236,GET,http://nas/pma,1357088393,
50e3868d6c44c,10.0.0.236,GET,http://nas/phpmyadmin,1357088397,
50e3868d74d67,10.0.0.236,GET,http://nas/phpmyadmin,1357088397,
50e386dad42df,10.0.0.236,GET,http://nas/phpmyadmin,1357088474,
50e386dadb031,10.0.0.236,GET,http://nas/phpmyadmin,1357088474,
50e386e0203e9,10.0.0.236,GET,http://nas/pma,1357088480,
50e386e024e7c,10.0.0.236,GET,http://nas/pma,1357088480,
50f97df9b9963,10.0.0.1,GET,http://10.0.0.199/,1358527993,
50f9a12984ae7,10.0.0.1,GET,http://10.0.0.199/,1358537001,
50fb78203e5ae,10.0.0.1,GET,http://10.0.0.199/,1358657568,
50fec7df01e42,10.0.0.1,GET,http://10.0.0.199/,1358874591,
50fef251d12db,10.0.0.1,GET,http://10.0.0.199/,1358885457,
50ff3de3400a9,10.0.0.1,GET,http://10.0.0.199/,1358904803,
50ff3e44b47e9,10.0.0.1,GET,http://10.0.0.199/,1358904900,
510093684be2f,10.0.0.1,GET,http://10.0.0.199/,1358992232,
51009680724eb,10.0.0.1,GET,http://10.0.0.199/,1358993024,
5102d11561276,10.0.0.1,GET,http://10.0.0.199/,1359139093,
510860f901a2d,10.0.0.236,GET,http://nas/pma,1359503609,
510860f90efa2,10.0.0.236,GET,http://nas/pma,1359503609,
510860fd4ea44,10.0.0.236,GET,http://nas/phpmyadmin,1359503613,
510860fd5ba0e,10.0.0.236,GET,http://nas/phpmyadmin,1359503613,
5109d8ff9c334,10.0.0.236,GET,http://nas/,1359599871,
5109d8ffa4dbb,10.0.0.236,OPTIONS,http://nas/,1359599871,
510b196153bda,10.0.0.189,GET,http://nas/,1359681889,
510da3646651f,10.0.0.1,GET,http://10.0.0.199/,1359848292,
510daa2a4904c,10.0.0.1,GET,http://10.0.0.199/,1359850026,
511c6d3325c5b,10.0.0.139,GET,http://10.0.0.199/,1360817459,
511c6d3932a77,10.0.0.139,GET,http://10.0.0.199/img/favicon.ico,1360817465,
511c6d3932b93,10.0.0.139,GET,http://10.0.0.199/apple-touch-icon-precomposed.png,1360817465,
511c6d393bde3,10.0.0.139,GET,http://10.0.0.199/apple-touch-icon-precomposed.png,1360817465,
511c6d393bbc4,10.0.0.139,GET,http://10.0.0.199/img/favicon.ico,1360817465,
511da79e04c20,10.0.0.236,GET,http://nas/,1360897950,
511da79e14941,10.0.0.236,OPTIONS,http://nas/,1360897950,
5120145c48118,10.0.0.236,GET,http://nas/,1361056860,
5120145c4816d,10.0.0.236,GET,http://nas/,1361056860,
5120145c53b9c,10.0.0.236,OPTIONS,http://nas/,1361056860,
5120145c53b8d,10.0.0.236,OPTIONS,http://nas/,1361056860,
5130204a79720,10.0.0.1,GET,http://10.0.0.199/,1362108490,
513021a465ba8,10.0.0.1,GET,http://10.0.0.199/,1362108836,
5130284f26e6b,10.0.0.1,GET,http://10.0.0.199/,1362110543,
5130385aef6a3,10.0.0.1,GET,http://10.0.0.199/,1362114650,
513ac136afd4a,10.0.0.1,GET,http://10.0.0.199/,1362805046,
513ae3f170fce,10.0.0.1,GET,http://10.0.0.199/,1362813937,
51417c38ba375,10.0.0.1,GET,http://10.0.0.199/,1363246136,
5142b8b64684f,10.0.0.1,GET,http://10.0.0.199/,1363327158,
51474dbdcdb9e,10.0.0.100,GET,http://10.0.0.199/,1363627453,
51474dbed20f2,10.0.0.100,GET,http://10.0.0.199/img/favicon.ico,1363627454,
51474dbed7293,10.0.0.100,GET,http://10.0.0.199/img/favicon.ico,1363627454,
51474dc1c8b6c,10.0.0.100,GET,http://10.0.0.199/downloads,1363627457,
51474dc24cd67,10.0.0.100,GET,http://10.0.0.199/img/favicon.ico,1363627458,
51474dc2530f3,10.0.0.100,GET,http://10.0.0.199/img/favicon.ico,1363627458,
514f7dabb6a76,10.0.0.134,GET,http://nas/,1364164011,
514f7dabb6a7d,10.0.0.134,GET,http://nas/,1364164011,
514f7dabb6ad9,10.0.0.134,GET,http://nas/,1364164011,
514f7dabb718d,10.0.0.134,GET,http://nas/,1364164011,
514f7dabc57dc,10.0.0.134,OPTIONS,http://nas/,1364164011,
514f7dabc580a,10.0.0.134,OPTIONS,http://nas/,1364164011,
514f7dabc5868,10.0.0.134,OPTIONS,http://nas/,1364164011,
514f7dabc581e,10.0.0.134,OPTIONS,http://nas/,1364164011,
516304df7eb19,10.0.0.20,GET,http://10.0.0.199/,1365443807,
516304e072d74,10.0.0.20,GET,http://10.0.0.199/img/favicon.ico,1365443808,
516304e076769,10.0.0.20,GET,http://10.0.0.199/img/favicon.ico,1365443808,
516304e1a0a3f,10.0.0.20,GET,http://10.0.0.199/downloads,1365443809,
516304e2240f7,10.0.0.20,GET,http://10.0.0.199/img/favicon.ico,1365443810,
516304e226f0b,10.0.0.20,GET,http://10.0.0.199/img/favicon.ico,1365443810,
516304e28737a,10.0.0.20,GET,http://10.0.0.199/tv-shows,1365443810,
516304e319a98,10.0.0.20,GET,http://10.0.0.199/img/favicon.ico,1365443811,
516304e31e2f3,10.0.0.20,GET,http://10.0.0.199/img/favicon.ico,1365443811,
516304e37483b,10.0.0.20,GET,http://10.0.0.199/downloads,1365443811,
516304e3e5766,10.0.0.20,GET,http://10.0.0.199/img/favicon.ico,1365443811,
516304e3e7103,10.0.0.20,GET,http://10.0.0.199/img/favicon.ico,1365443811,
516304ede3dfe,10.0.0.20,GET,http://10.0.0.199/tv-shows,1365443821,
516304ee66030,10.0.0.20,GET,http://10.0.0.199/img/favicon.ico,1365443822,
516304ee67ae5,10.0.0.20,GET,http://10.0.0.199/img/favicon.ico,1365443822,
516304f0ed316,10.0.0.20,GET,http://10.0.0.199/tv-schedule,1365443824,
516304f162e39,10.0.0.20,GET,http://10.0.0.199/img/favicon.ico,1365443825,
516304f1677cf,10.0.0.20,GET,http://10.0.0.199/img/favicon.ico,1365443825,
516304f3254e9,10.0.0.20,GET,http://10.0.0.199/movies,1365443827,
516304f392481,10.0.0.20,GET,http://10.0.0.199/img/favicon.ico,1365443827,
516304f39ffee,10.0.0.20,GET,http://10.0.0.199/img/favicon.ico,1365443827,
516304fb650f4,10.0.0.20,GET,http://10.0.0.199/movie-schedule,1365443835,
516304fbca4c8,10.0.0.20,GET,http://10.0.0.199/img/favicon.ico,1365443835,
516304fbcf662,10.0.0.20,GET,http://10.0.0.199/img/favicon.ico,1365443835,
5163050f80839,10.0.0.20,GET,http://10.0.0.199/search,1365443855,
516305100a432,10.0.0.20,GET,http://10.0.0.199/img/favicon.ico,1365443856,
516305100bdd1,10.0.0.20,GET,http://10.0.0.199/img/favicon.ico,1365443856,
517daabfc1ef7,10.0.0.134,GET,http://nas/,1367190207,
517daabfc1f45,10.0.0.134,GET,http://nas/,1367190207,
517daabfcbb76,10.0.0.134,OPTIONS,http://nas/,1367190207,
517daabfcbb6d,10.0.0.134,OPTIONS,http://nas/,1367190207,
51a1ad6f9b4f3,10.0.0.100,GET,http://10.0.0.199/,1369550191,
51a56a73e1313,10.0.0.134,GET,http://nas/,1369795187,
51a5b58d97419,10.0.0.20,GET,http://nas/Shared,1369814413,
51a5b58da630c,10.0.0.20,OPTIONS,http://nas/Shared,1369814413,
